"","Country","Technology","h","mean_ut","sd_ut","UtCite"
"1","Afghanistan","Gas",8760,NA,NA,"WRI"
"2","Afghanistan","Hydro",8760,NA,NA,"WRI"
"3","Albania","Hydro",8760,0.376847942971834,3.20493781063927e-17,"WRI"
"4","Albania","Other",8760,0,NA,"WRI"
"5","Algeria","Gas",8760,0.472481958822586,3.36136713363354e-17,"WRI"
"6","Algeria","Hydro",8760,1.20814307458143,NA,"WRI"
"7","Angola","Gas",8760,0,0,"WRI"
"8","Angola","Hydro",8760,0.746764366733151,7.85046229341888e-17,"WRI"
"9","Angola","Oil",8760,3.70149861079147,2.80866677486136e-16,"WRI"
"10","Antarctica","Oil",8760,NA,NA,"WRI"
"11","Antarctica","Wind",8760,NA,NA,"WRI"
"12","Argentina","Coal",8760,0.0948982797606928,8.49837472194074e-18,"WRI"
"13","Argentina","Gas",8760,0.589759766368513,6.46685341399686e-17,"WRI"
"14","Argentina","Hydro",8760,0.472022821081903,4.27052425734415e-17,"WRI"
"15","Argentina","Nuclear",8760,0.372704268616436,3.92523114670944e-17,"WRI"
"16","Argentina","Oil",8760,1.85993001462194,2.45362064645019e-16,"WRI"
"17","Argentina","Other",8760,0,0,"WRI"
"18","Argentina","Solar",8760,0.570776255707762,1.11022302462516e-16,"WRI"
"19","Argentina","Wind",8760,0.393675988914084,5.29278059849587e-17,"WRI"
"20","Armenia","Gas",8760,0.19443636509817,0,"WRI"
"21","Armenia","Hydro",8760,0.235644829299453,1.60246890531964e-17,"WRI"
"22","Armenia","Nuclear",8760,0.750380517503805,NA,"WRI"
"23","Australia","Biomass",8760,NA,NA,"WRI"
"24","Australia","Coal",8760,NA,NA,"WRI"
"25","Australia","Gas",8760,NA,NA,"WRI"
"26","Australia","Hydro",8760,NA,NA,"WRI"
"27","Australia","Oil",8760,NA,NA,"WRI"
"28","Australia","Solar",8760,NA,NA,"WRI"
"29","Australia","Waste",8760,NA,NA,"WRI"
"30","Australia","Wind",8760,NA,NA,"WRI"
"31","Austria","Gas",8760,0.29828375008008,3.92523114670944e-17,"WRI"
"32","Austria","Hydro",8760,0.56407574852278,7.46934733071644e-17,"WRI"
"33","Austria","Wind",8760,4.98910336239103,0,"WRI"
"34","Azerbaijan","Gas",8760,1.10859555606504,1.18687833744435e-16,"WRI"
"35","Azerbaijan","Hydro",8760,0.152363271544167,1.96261557335472e-17,"WRI"
"36","Azerbaijan","Oil",8760,0.00185502283105023,NA,"WRI"
"37","Bahrain","Gas",8760,0.410651435516601,4.96506830649455e-17,"WRI"
"38","Bahrain","Oil",8760,0.109463939450804,NA,"WRI"
"39","Bangladesh","Coal",8760,0.502283105022831,NA,"WRI"
"40","Bangladesh","Gas",8760,0.596349531998627,6.88531090971048e-17,"WRI"
"41","Bangladesh","Hydro",8760,0.291840381179273,NA,"WRI"
"42","Bangladesh","Oil",8760,0.36605486586758,2.9373740229761e-17,"WRI"
"43","Belarus","Gas",8760,0.468088780939621,5.0037075531084e-17,"WRI"
"44","Belgium","Biomass",8760,1.1283444658289,2.22044604925031e-16,"WRI"
"45","Belgium","Coal",8760,1.06917322452152,NA,"WRI"
"46","Belgium","Gas",8760,0.571161135178907,6.23891479533141e-17,"WRI"
"47","Belgium","Hydro",8760,0.123470870214828,9.81307786677359e-18,"WRI"
"48","Belgium","Nuclear",8760,0.64925823166893,1.35973995551052e-16,"WRI"
"49","Belgium","Oil",8760,0.13610818405339,0,"WRI"
"50","Belgium","Waste",8760,1.06439296386685,0,"WRI"
"51","Belgium","Wind",8760,0.6017506326598,3.34744836935923e-17,"WRI"
"52","Benin","Gas",8760,0,NA,"WRI"
"53","Benin","Oil",8760,1.04452054794521,NA,"WRI"
"54","Bhutan","Hydro",8760,NA,NA,"WRI"
"55","Bolivia","Gas",8760,0.664068822497611,7.85046229341888e-17,"WRI"
"56","Bolivia","Hydro",8760,0.57217428260885,7.54248020136969e-17,"WRI"
"57","Bosnia and Herzegovina","Coal",8760,0.651005592324663,6.40987562127855e-17,"WRI"
"58","Bosnia and Herzegovina","Hydro",8760,0.307191754942242,3.79213355752291e-17,"WRI"
"59","Botswana","Coal",8760,0.346291331546023,7.85046229341888e-17,"WRI"
"60","Brazil","Biomass",8760,0.40879261999037,4.3256812197612e-17,"WRI"
"61","Brazil","Coal",8760,1.09353373417668,1.38469139368507e-16,"WRI"
"62","Brazil","Gas",8760,0.820054344219297,6.80837764690375e-17,"WRI"
"63","Brazil","Hydro",8760,0.434825486811839,4.2742041582918e-17,"WRI"
"64","Brazil","Nuclear",8760,0.882150478419495,1.11022302462516e-16,"WRI"
"65","Brazil","Oil",8760,0.488285425154713,5.78984081541115e-17,"WRI"
"66","Brazil","Other",8760,0.279769488541076,NA,"WRI"
"67","Brazil","Solar",8760,0,0,"WRI"
"68","Brazil","Waste",8760,0,0,"WRI"
"69","Brazil","Wind",8760,0.135367997364153,1.61412337818344e-17,"WRI"
"70","Brunei Darussalam","Gas",8760,0.869021459628781,9.06493303673679e-17,"WRI"
"71","Bulgaria","Coal",8760,0.500530484785095,7.0216669371534e-17,"WRI"
"72","Bulgaria","Hydro",8760,0.301013054976423,3.20493781063927e-17,"WRI"
"73","Bulgaria","Nuclear",8760,0.905650684931507,NA,"WRI"
"74","Bulgaria","Wind",8760,0.973978456855169,NA,"WRI"
"75","Burkina Faso","Hydro",8760,NA,NA,"WRI"
"76","Burkina Faso","Oil",8760,NA,NA,"WRI"
"77","Burundi","Hydro",8760,NA,NA,"WRI"
"78","Cambodia","Biomass",8760,0.799086757990868,NA,"WRI"
"79","Cambodia","Coal",8760,0.195081151950812,2.77555756156289e-17,"WRI"
"80","Cambodia","Hydro",8760,0.232580335659137,2.40370335797945e-17,"WRI"
"81","Cambodia","Oil",8760,0.696432222449397,0,"WRI"
"82","Cambodia","Waste",8760,0,0,"WRI"
"83","Cameroon","Gas",8760,0.511415525114155,NA,"WRI"
"84","Cameroon","Hydro",8760,0.918024139615024,0,"WRI"
"85","Cameroon","Oil",8760,1.96850043813576,1.81298660734736e-16,"WRI"
"86","Canada","Biomass",8760,0.211915178639083,2.11711223939835e-17,"WRI"
"87","Canada","Coal",8760,0.756027378569279,8.39249720850315e-17,"WRI"
"88","Canada","Gas",8760,0.353980281091555,3.22652012729239e-17,"WRI"
"89","Canada","Hydro",8760,0.54128913216202,6.28743834550888e-17,"WRI"
"90","Canada","Nuclear",8760,0.862355067519299,8.59975056989852e-17,"WRI"
"91","Canada","Oil",8760,0.388342138482398,1.96261557335472e-17,"WRI"
"92","Canada","Other",8760,15.1826484018265,0,"WRI"
"93","Canada","Solar",8760,0.117701028127865,3.1369599876349e-18,"WRI"
"94","Canada","Wave and Tidal",8760,NA,NA,"WRI"
"95","Canada","Wind",8760,0.212038359807176,2.06619086970647e-17,"WRI"
"96","Cape Verde","Oil",8760,NA,NA,"WRI"
"97","Central African Republic","Hydro",8760,NA,NA,"WRI"
"98","Central African Republic","Oil",8760,NA,NA,"WRI"
"99","Chile","Biomass",8760,1.58401933532443,1.53225334496544e-16,"WRI"
"100","Chile","Coal",8760,0.613464906904984,5.33333889735378e-17,"WRI"
"101","Chile","Gas",8760,0.475185577714108,4.29987528494926e-17,"WRI"
"102","Chile","Hydro",8760,0.411368509534902,4.19624860425158e-17,"WRI"
"103","Chile","Oil",8760,0.178546209007878,2.11986710359483e-17,"WRI"
"104","Chile","Petcoke",8760,0,NA,"WRI"
"105","Chile","Solar",8760,0.106155591534124,1.52023548612203e-17,"WRI"
"106","Chile","Wind",8760,0.183677914628644,2.01951476405393e-17,"WRI"
"107","China","Coal",8760,0.491539765732658,2.72067871200984e-17,"WRI"
"108","China","Gas",8760,0.218677647357376,1.99143672772031e-17,"WRI"
"109","China","Geothermal",8760,0.546720551444217,0,"WRI"
"110","China","Hydro",8760,0.469064283739702,4.27099122797747e-17,"WRI"
"111","China","Nuclear",8760,0.452964154116493,4.4282579559766e-17,"WRI"
"112","China","Oil",8760,0.817468416188228,7.85046229341888e-17,"WRI"
"113","China","Solar",8760,1.10586693566145,6.64024360619009e-17,"WRI"
"114","China","Wind",8760,0.349421406078938,2.39311218411419e-17,"WRI"
"115","Colombia","Coal",8760,0.584789570815591,5.55111512312578e-17,"WRI"
"116","Colombia","Gas",8760,0.47866508557396,3.92523114670944e-17,"WRI"
"117","Colombia","Hydro",8760,0.847774126083059,8.1995404452417e-17,"WRI"
"118","Colombia","Oil",8760,0.100189449140192,NA,"WRI"
"119","Congo, Rep.","Gas",8760,0.267721243748641,5.55111512312578e-17,"WRI"
"120","Congo, Rep.","Hydro",8760,0.49623652551031,3.20493781063927e-17,"WRI"
"121","Congo, Rep.","Oil",8760,0,0,"WRI"
"122","Costa Rica","Geothermal",8760,0.882486937701472,9.61481343191782e-17,"WRI"
"123","Costa Rica","Hydro",8760,0.590740232602318,8.51502189699727e-17,"WRI"
"124","Costa Rica","Oil",8760,0.255255497782483,3.92523114670944e-17,"WRI"
"125","Cote d'Ivoire","Gas",8760,1.09524781517433,1.57009245868378e-16,"WRI"
"126","Cote d'Ivoire","Hydro",8760,0.364572613412003,3.92523114670944e-17,"WRI"
"127","Croatia","Coal",8760,0.819150408191504,NA,"WRI"
"128","Croatia","Gas",8760,0.196602890415668,2.2662332591842e-17,"WRI"
"129","Croatia","Hydro",8760,0.641934224851585,6.79869977755259e-17,"WRI"
"130","Croatia","Oil",8760,0.0199000370233247,0,"WRI"
"131","Cuba","Gas",8760,0.776033507760335,1.11022302462516e-16,"WRI"
"132","Cuba","Oil",8760,0.535545665220008,5.55111512312578e-17,"WRI"
"133","Cuba","Wind",8760,0.190258751902588,NA,"WRI"
"134","Cyprus","Gas",8760,0,NA,"WRI"
"135","Cyprus","Oil",8760,0.767313546423135,0,"WRI"
"136","Czech Republic","Coal",8760,NA,NA,"WRI"
"137","Czech Republic","Gas",8760,NA,NA,"WRI"
"138","Czech Republic","Hydro",8760,NA,NA,"WRI"
"139","Czech Republic","Nuclear",8760,NA,NA,"WRI"
"140","Czech Republic","Solar",8760,NA,NA,"WRI"
"141","Congo, Dem. Rep.","Gas",8760,0.0319634703196347,NA,"WRI"
"142","Congo, Dem. Rep.","Hydro",8760,0.333526339959087,3.58322940412438e-17,"WRI"
"143","Congo, Dem. Rep.","Oil",8760,0.0344879912814358,NA,"WRI"
"144","Denmark","Biomass",8760,4.41962432544624,NA,"WRI"
"145","Denmark","Coal",8760,0.24818504590885,2.2662332591842e-17,"WRI"
"146","Denmark","Gas",8760,0.419035737990708,6.79869977755259e-17,"WRI"
"147","Denmark","Geothermal",8760,0,NA,"WRI"
"148","Denmark","Oil",8760,0.0544988171865544,NA,"WRI"
"149","Denmark","Solar",8760,1.07823343392021,0,"WRI"
"150","Denmark","Wind",8760,1.06031995574204,1.73580252387356e-16,"WRI"
"151","Djibouti","Oil",8760,NA,NA,"WRI"
"152","Dominican Republic","Coal",8760,0.926716071562243,1.11022302462516e-16,"WRI"
"153","Dominican Republic","Gas",8760,1.42890883325461,NA,"WRI"
"154","Dominican Republic","Hydro",8760,0.796256628685628,0,"WRI"
"155","Dominican Republic","Oil",8760,1.30722675950932,1.11022302462516e-16,"WRI"
"156","Dominican Republic","Solar",8760,0.905631659056317,NA,"WRI"
"157","Dominican Republic","Wind",8760,1.33473832103969,NA,"WRI"
"158","Ecuador","Gas",8760,0.782179335415286,9.06493303673679e-17,"WRI"
"159","Ecuador","Hydro",8760,0.401924478102924,5.23364152894592e-17,"WRI"
"160","Ecuador","Oil",8760,2.22303358515514,3.43990022795941e-16,"WRI"
"161","Egypt, Arab Rep.","Gas",8760,NA,NA,"WRI"
"162","Egypt, Arab Rep.","Hydro",8760,NA,NA,"WRI"
"163","Egypt, Arab Rep.","Oil",8760,NA,NA,"WRI"
"164","Egypt, Arab Rep.","Wind",8760,NA,NA,"WRI"
"165","El Salvador","Geothermal",8760,0.871832751365386,1.11022302462516e-16,"WRI"
"166","El Salvador","Hydro",8760,0.417896274155524,6.40987562127855e-17,"WRI"
"167","El Salvador","Oil",8760,0.602486047691527,1.11022302462516e-16,"WRI"
"168","Equatorial Guinea","Gas",8760,NA,NA,"WRI"
"169","Equatorial Guinea","Hydro",8760,NA,NA,"WRI"
"170","Eritrea","Oil",8760,0.315407556273679,5.55111512312578e-17,"WRI"
"171","Estonia","Gas",8760,0.0186210693351469,0,"WRI"
"172","Estonia","Oil",8760,0.00266630950520736,0,"WRI"
"173","Estonia","Wind",8760,0.248110009677934,2.99794480833239e-17,"WRI"
"174","Ethiopia","Geothermal",8760,0.297116407080753,NA,"WRI"
"175","Ethiopia","Hydro",8760,0.275312787663688,3.04047097224406e-17,"WRI"
"176","Ethiopia","Wind",8760,0.219357149252395,NA,"WRI"
"177","Fiji","Biomass",8760,NA,NA,"WRI"
"178","Fiji","Hydro",8760,NA,NA,"WRI"
"179","Fiji","Oil",8760,NA,NA,"WRI"
"180","Fiji","Wind",8760,NA,NA,"WRI"
"181","Finland","Biomass",8760,0.592545143374774,4.76504988399769e-17,"WRI"
"182","Finland","Coal",8760,1.00678116267975,1.57009245868378e-16,"WRI"
"183","Finland","Gas",8760,0.327556333637811,3.67171752872013e-17,"WRI"
"184","Finland","Hydro",8760,0.641953179901684,7.42114552902064e-17,"WRI"
"185","Finland","Nuclear",8760,0.978118031220134,1.57009245868378e-16,"WRI"
"186","Finland","Oil",8760,0.0312371728205226,1.90029435765254e-18,"WRI"
"187","Finland","Other",8760,0.117185921525842,8.01234452659818e-18,"WRI"
"188","Finland","Wind",8760,1.64973711506134,1.77130318239064e-16,"WRI"
"189","France","Biomass",8760,0.448497920836228,4.41532870807236e-17,"WRI"
"190","France","Coal",8760,0.383625506913178,4.80740671595891e-17,"WRI"
"191","France","Gas",8760,0.290415336337347,3.92523114670944e-17,"WRI"
"192","France","Geothermal",8760,0,NA,"WRI"
"193","France","Hydro",8760,0.401625482549415,3.90684588804072e-17,"WRI"
"194","France","Nuclear",8760,0.789257074081387,3.70074341541719e-17,"WRI"
"195","France","Oil",8760,0.0469836790249872,6.93889390390723e-18,"WRI"
"196","France","Solar",8760,0.188429570281228,2.33050124809182e-17,"WRI"
"197","France","Wave and Tidal",8760,NA,NA,"WRI"
"198","France","Wind",8760,0.217272854832971,2.50399120007652e-17,"WRI"
"199","French Guiana","Biomass",8760,NA,NA,"WRI"
"200","French Guiana","Gas",8760,NA,NA,"WRI"
"201","French Guiana","Hydro",8760,NA,NA,"WRI"
"202","French Guiana","Oil",8760,NA,NA,"WRI"
"203","Gabon","Gas",8760,0.723585590511837,0,"WRI"
"204","Gabon","Hydro",8760,0.317319666634735,3.92523114670944e-17,"WRI"
"205","Gabon","Oil",8760,4.70310802575448,NA,"WRI"
"206","Gambia, The","Oil",8760,NA,NA,"WRI"
"207","Georgia","Gas",8760,0.185936073059361,1.96261557335472e-17,"WRI"
"208","Georgia","Hydro",8760,0.368592243846301,3.5108334685767e-17,"WRI"
"209","Germany","Biomass",8760,2.98922211123699,3.14018491736755e-16,"WRI"
"210","Germany","Coal",8760,0.68080620514959,8.67485898782126e-17,"WRI"
"211","Germany","Gas",8760,0.290969084990308,3.13250048199951e-17,"WRI"
"212","Germany","Hydro",8760,0.290919182504749,3.2479590350835e-17,"WRI"
"213","Germany","Nuclear",8760,0.992550835925866,4.53246651836839e-17,"WRI"
"214","Germany","Oil",8760,0.226572869742581,1.6369345451894e-17,"WRI"
"215","Germany","Other",8760,0.30510777257149,3.5108334685767e-17,"WRI"
"216","Germany","Solar",8760,1.05728769115821,1.23545887471395e-16,"WRI"
"217","Germany","Waste",8760,0.970190304735891,9.44066268266963e-17,"WRI"
"218","Germany","Wind",8760,1.29415581247715,1.57009245868378e-16,"WRI"
"219","Ghana","Gas",8760,NA,NA,"WRI"
"220","Ghana","Hydro",8760,NA,NA,"WRI"
"221","Greece","Coal",8760,0.588396615793876,0,"WRI"
"222","Greece","Gas",8760,0.148610179007716,1.44948766286094e-17,"WRI"
"223","Greece","Hydro",8760,0.150218006857793,1.50525743132968e-17,"WRI"
"224","Greece","Oil",8760,1.2632269707161,0,"WRI"
"225","Greece","Solar",8760,3.98597341002548,4.44089209850063e-16,"WRI"
"226","Greece","Waste",8760,0.475646879756469,NA,"WRI"
"227","Greece","Wind",8760,1.95914734338771,1.63990808904834e-16,"WRI"
"228","Guatemala","Biomass",8760,0.29261930073326,2.77555756156289e-17,"WRI"
"229","Guatemala","Coal",8760,0.370076880229954,2.77555756156289e-17,"WRI"
"230","Guatemala","Geothermal",8760,0.524095669739098,0,"WRI"
"231","Guatemala","Hydro",8760,0.549250354837482,7.43332132970827e-17,"WRI"
"232","Guatemala","Oil",8760,0.175516310479995,1.30841038223648e-17,"WRI"
"233","Guatemala","Solar",8760,0.0094010206822455,0,"WRI"
"234","Guatemala","Waste",8760,0,0,"WRI"
"235","Guatemala","Wind",8760,0,0,"WRI"
"236","Guinea","Hydro",8760,NA,NA,"WRI"
"237","Guinea","Oil",8760,NA,NA,"WRI"
"238","Guinea-Bissau","Oil",8760,NA,NA,"WRI"
"239","Guyana","Biomass",8760,NA,NA,"WRI"
"240","Guyana","Oil",8760,NA,NA,"WRI"
"241","Honduras","Biomass",8760,1.19406392694064,1.28197512425571e-16,"WRI"
"242","Honduras","Gas",8760,0,NA,"WRI"
"243","Honduras","Geothermal",8760,0,NA,"WRI"
"244","Honduras","Hydro",8760,0.576570769785352,3.34744836935923e-17,"WRI"
"245","Honduras","Oil",8760,0.647642142540332,7.85046229341888e-17,"WRI"
"246","Honduras","Solar",8760,0,0,"WRI"
"247","Honduras","Waste",8760,0,NA,"WRI"
"248","Honduras","Wind",8760,0.360585634558237,NA,"WRI"
"249","Hungary","Coal",8760,0.584543723182121,7.85046229341888e-17,"WRI"
"250","Hungary","Gas",8760,0.163200330278841,1.81702894593843e-17,"WRI"
"251","Hungary","Nuclear",8760,0.946796441124738,NA,"WRI"
"252","Hungary","Oil",8760,0.0490196078431373,NA,"WRI"
"253","Iceland","Geothermal",8760,1.0453587508382,9.93013661298909e-17,"WRI"
"254","Iceland","Hydro",8760,0.768336582633695,6.88531090971048e-17,"WRI"
"255","India","Biomass",8760,2.72035538573474,3.41641940587532e-16,"WRI"
"256","India","Coal",8760,NA,NA,"WRI"
"257","India","Gas",8760,NA,NA,"WRI"
"258","India","Hydro",8760,NA,NA,"WRI"
"259","India","Nuclear",8760,NA,NA,"WRI"
"260","India","Oil",8760,NA,NA,"WRI"
"261","India","Solar",8760,0.221541066556189,1.93813292381485e-17,"WRI"
"262","India","Wind",8760,1.16294595949286,1.05160818448428e-16,"WRI"
"263","Indonesia","Coal",8760,0.468296106104568,4.62995006904776e-17,"WRI"
"264","Indonesia","Gas",8760,0.501596925917609,5.55111512312578e-17,"WRI"
"265","Indonesia","Geothermal",8760,0.853867668374742,9.79124674325368e-17,"WRI"
"266","Indonesia","Hydro",8760,0.379249666262297,3.72380122987091e-17,"WRI"
"267","Indonesia","Oil",8760,4.16389703396806,5.12790049702284e-16,"WRI"
"268","Iran, Islamic Rep.","Gas",8760,0.588294699637387,6.46396835767928e-17,"WRI"
"269","Iran, Islamic Rep.","Hydro",8760,0.145744424713258,1.60246890531964e-17,"WRI"
"270","Iran, Islamic Rep.","Nuclear",8760,0.510502283105023,NA,"WRI"
"271","Iran, Islamic Rep.","Oil",8760,0.600448990872667,6.02102972531871e-17,"WRI"
"272","Iran, Islamic Rep.","Solar",8760,0,NA,"WRI"
"273","Iran, Islamic Rep.","Wind",8760,0.408675799086758,NA,"WRI"
"274","Iraq","Gas",8760,0.177858630871667,1.53960232403335e-17,"WRI"
"275","Iraq","Hydro",8760,0.129987972453726,1.48359792180544e-17,"WRI"
"276","Iraq","Oil",8760,0.944294505428044,7.0216669371534e-17,"WRI"
"277","Ireland","Biomass",8760,0.389127753891278,NA,"WRI"
"278","Ireland","Coal",8760,0.808942785138608,NA,"WRI"
"279","Ireland","Gas",8760,0.399241953484633,4.53246651836839e-17,"WRI"
"280","Ireland","Hydro",8760,0.278482439821861,3.92523114670944e-17,"WRI"
"281","Ireland","Oil",8760,0.0186339315323589,2.19427091786044e-18,"WRI"
"282","Ireland","Wind",8760,0.455893703327439,3.97792117070849e-17,"WRI"
"283","Israel","Coal",8760,0.710781538925997,1.11022302462516e-16,"WRI"
"284","Israel","Gas",8760,0.364991993148455,4.03902952810786e-17,"WRI"
"285","Israel","Solar",8760,0.253812628266025,2.48253415324727e-17,"WRI"
"286","Israel","Wind",8760,0.0163078930202218,0,"WRI"
"287","Italy","Coal",8760,0.589320783855924,5.55111512312578e-17,"WRI"
"288","Italy","Gas",8760,0.277131841209354,3.92523114670944e-17,"WRI"
"289","Italy","Geothermal",8760,0.788030881859305,7.60117743061015e-17,"WRI"
"290","Italy","Hydro",8760,0.513930536856602,7.20407827307146e-17,"WRI"
"291","Italy","Oil",8760,0.183127846899069,1.96261557335472e-17,"WRI"
"292","Italy","Other",8760,0.196195062414369,1.60246890531964e-17,"WRI"
"293","Italy","Solar",8760,5.8999212955895,7.27673948095843e-16,"WRI"
"294","Italy","Wind",8760,16.4637818493585,NA,"WRI"
"295","Jamaica","Gas",8760,0,NA,"WRI"
"296","Jamaica","Hydro",8760,1.04899419967913,0,"WRI"
"297","Jamaica","Oil",8760,0.709134707007875,1.28197512425571e-16,"WRI"
"298","Jamaica","Wind",8760,0.351020022890045,NA,"WRI"
"299","Japan","Coal",8760,0.959236293587738,8.88178419700125e-17,"WRI"
"300","Japan","Gas",8760,0.900241902106691,9.38309712959514e-17,"WRI"
"301","Japan","Geothermal",8760,0.548532691015814,5.33333889735378e-17,"WRI"
"302","Japan","Hydro",8760,0.361707272303978,4.2059509261153e-17,"WRI"
"303","Japan","Nuclear",8760,0,0,"WRI"
"304","Japan","Oil",8760,0.301260344845823,2.9373740229761e-17,"WRI"
"305","Japan","Solar",8760,1.40683358535322,1.50849604027394e-16,"WRI"
"306","Japan","Waste",8760,35.8501848227876,NA,"WRI"
"307","Japan","Wind",8760,3.83409436834094,4.86475355559049e-16,"WRI"
"308","Jordan","Gas",8760,0.0394100174425818,4.00617226329909e-18,"WRI"
"309","Jordan","Oil",8760,5.03777283702694,NA,"WRI"
"310","Kazakhstan","Coal",8760,0.543827328887983,8.73518804477772e-17,"WRI"
"311","Kazakhstan","Gas",8760,5.75713470319635,0,"WRI"
"312","Kazakhstan","Hydro",8760,0.451322890039545,3.20493781063927e-17,"WRI"
"313","Kazakhstan","Solar",8760,0.00228310502283105,NA,"WRI"
"314","Kenya","Geothermal",8760,0.614530721994114,9.93013661298909e-17,"WRI"
"315","Kenya","Hydro",8760,0.481219920120401,4.19624860425158e-17,"WRI"
"316","Kenya","Oil",8760,0.35222700352227,4.29987528494926e-17,"WRI"
"317","Kenya","Wind",8760,0.0129296558670015,2.4532694666934e-18,"WRI"
"318","Kosovo","Coal",8760,0.407035300078472,7.85046229341888e-17,"WRI"
"319","Kuwait","Gas",8760,0.140833864086865,1.81702894593843e-17,"WRI"
"320","Kyrgyz Republic","Coal",8760,0.181733804858881,NA,"WRI"
"321","Kyrgyz Republic","Hydro",8760,0.521662037690847,4.96506830649455e-17,"WRI"
"322","Kyrgyz Republic","Oil",8760,0.191780821917808,NA,"WRI"
"323","Lao PDR","Coal",8760,NA,NA,"WRI"
"324","Lao PDR","Hydro",8760,NA,NA,"WRI"
"325","Latvia","Gas",8760,0.266514307610198,0,"WRI"
"326","Latvia","Hydro",8760,0.148193730974125,0,"WRI"
"327","Lebanon","Gas",8760,0,0,"WRI"
"328","Lebanon","Oil",8760,1.7935796735582,1.11022302462516e-16,"WRI"
"329","Lesotho","Hydro",8760,NA,NA,"WRI"
"330","Liberia","Hydro",8760,NA,NA,"WRI"
"331","Liberia","Oil",8760,NA,NA,"WRI"
"332","Libya","Gas",8760,0.390975946353979,3.92523114670944e-17,"WRI"
"333","Libya","Oil",8760,6.3307240704501,6.2803698347351e-16,"WRI"
"334","Lithuania","Gas",8760,0.0801837486934038,8.01234452659818e-18,"WRI"
"335","Lithuania","Hydro",8760,0.12410163193646,1.96261557335472e-17,"WRI"
"336","Luxembourg","Gas",8760,0.430528375733855,NA,"WRI"
"337","Luxembourg","Hydro",8760,0.102968741191724,NA,"WRI"
"338","Macedonia, FYR","Coal",8760,0.533247716894977,0,"WRI"
"339","Macedonia, FYR","Hydro",8760,0.24490826186963,3.20493781063927e-17,"WRI"
"340","Madagascar","Coal",8760,NA,NA,"WRI"
"341","Madagascar","Gas",8760,NA,NA,"WRI"
"342","Madagascar","Hydro",8760,NA,NA,"WRI"
"343","Madagascar","Oil",8760,NA,NA,"WRI"
"344","Malawi","Biomass",8760,NA,NA,"WRI"
"345","Malawi","Gas",8760,NA,NA,"WRI"
"346","Malawi","Hydro",8760,NA,NA,"WRI"
"347","Malaysia","Biomass",8760,6.66856925418569,NA,"WRI"
"348","Malaysia","Coal",8760,0.490075761725581,5.06745162040676e-17,"WRI"
"349","Malaysia","Gas",8760,0.632315613149863,5.0940525990875e-17,"WRI"
"350","Malaysia","Hydro",8760,0.768381348558625,5.55111512312578e-17,"WRI"
"351","Malaysia","Oil",8760,2.23821250833718,3.62597321469472e-16,"WRI"
"352","Malaysia","Solar",8760,0.338735189661862,1.96261557335472e-17,"WRI"
"353","Mali","Hydro",8760,NA,NA,"WRI"
"354","Mauritania","Gas",8760,NA,NA,"WRI"
"355","Mauritania","Oil",8760,NA,NA,"WRI"
"356","Mauritania","Solar",8760,NA,NA,"WRI"
"357","Mauritania","Wind",8760,NA,NA,"WRI"
"358","Mauritius","Biomass",8760,0.534629894889745,7.85046229341888e-17,"WRI"
"359","Mauritius","Coal",8760,0.640122903597491,1.11022302462516e-16,"WRI"
"360","Mauritius","Hydro",8760,0.202170520481118,1.96261557335472e-17,"WRI"
"361","Mauritius","Oil",8760,0.246396656890159,2.40370335797945e-17,"WRI"
"362","Mauritius","Solar",8760,0.190258751902588,NA,"WRI"
"363","Mexico","Biomass",8760,0.228344256053401,2.13224238154002e-17,"WRI"
"364","Mexico","Coal",8760,0.719116105891518,0,"WRI"
"365","Mexico","Gas",8760,0.764595013546815,8.10792259265082e-17,"WRI"
"366","Mexico","Geothermal",8760,0.758002995627839,0,"WRI"
"367","Mexico","Hydro",8760,0.356817155377637,4.2899103230371e-17,"WRI"
"368","Mexico","Nuclear",8760,0.73157640085881,NA,"WRI"
"369","Mexico","Oil",8760,0.326998560992335,3.13125122951433e-17,"WRI"
"370","Mexico","Solar",8760,4.34970870729019,0,"WRI"
"371","Mexico","Wind",8760,0.462289919230915,3.82053944931563e-17,"WRI"
"372","Moldova","Coal",8760,0,NA,"WRI"
"373","Moldova","Gas",8760,1.73135464231355,0,"WRI"
"374","Moldova","Hydro",8760,0.565425228310502,0,"WRI"
"375","Mongolia","Coal",8760,0.704809286898839,7.85046229341888e-17,"WRI"
"376","Mongolia","Wind",8760,0.388127853881279,NA,"WRI"
"377","Montenegro","Coal",8760,0.742923419328548,NA,"WRI"
"378","Montenegro","Hydro",8760,0.299850074962519,0,"WRI"
"379","Morocco","Coal",8760,0.636933955046588,7.85046229341888e-17,"WRI"
"380","Morocco","Gas",8760,0.383715129887571,5.55111512312578e-17,"WRI"
"381","Morocco","Hydro",8760,0.138429839290651,1.50525743132968e-17,"WRI"
"382","Morocco","Oil",8760,0.553226336099612,7.85046229341888e-17,"WRI"
"383","Morocco","Solar",8760,0,0,"WRI"
"384","Morocco","Wind",8760,0.181552294005709,1.96261557335472e-17,"WRI"
"385","Mozambique","Hydro",8760,0.808079294185826,7.85046229341888e-17,"WRI"
"386","Myanmar","Coal",8760,0.197869101978691,0,"WRI"
"387","Myanmar","Gas",8760,0.542698142068494,7.48512210505805e-17,"WRI"
"388","Myanmar","Hydro",8760,0.369835869781582,3.60203913653573e-17,"WRI"
"389","Namibia","Coal",8760,0,NA,"WRI"
"390","Namibia","Hydro",8760,0.706335616438356,NA,"WRI"
"391","Namibia","Oil",8760,0.0247749292961633,3.46944695195361e-18,"WRI"
"392","Namibia","Solar",8760,0,0,"WRI"
"393","Nepal","Hydro",8760,0.77522044372317,1.05855611969917e-16,"WRI"
"394","Netherlands","Coal",8760,0.737968742175301,5.55111512312578e-17,"WRI"
"395","Netherlands","Gas",8760,0.631605116979711,8.1995404452417e-17,"WRI"
"396","Netherlands","Nuclear",8760,0.962905427670291,NA,"WRI"
"397","Netherlands","Wind",8760,0.341713006298483,3.87458088086996e-17,"WRI"
"398","New Zealand","Coal",8760,0.447945205479452,NA,"WRI"
"399","New Zealand","Gas",8760,1.59659740797781,0,"WRI"
"400","New Zealand","Geothermal",8760,1.24405227144953,1.57009245868378e-16,"WRI"
"401","New Zealand","Hydro",8760,0.633108977160625,5.17644154341031e-17,"WRI"
"402","New Zealand","Oil",8760,0.00515539843865076,NA,"WRI"
"403","New Zealand","Wind",8760,0.551171575678546,7.85046229341888e-17,"WRI"
"404","Nicaragua","Gas",8760,0,NA,"WRI"
"405","Nicaragua","Geothermal",8760,0.475287900979294,5.55111512312578e-17,"WRI"
"406","Nicaragua","Hydro",8760,0.431909235640931,5.55111512312578e-17,"WRI"
"407","Nicaragua","Oil",8760,0.575268346259324,8.39249720850315e-17,"WRI"
"408","Nicaragua","Waste",8760,0,0,"WRI"
"409","Niger","Coal",8760,1.49980569318955,NA,"WRI"
"410","Niger","Oil",8760,0.178774944691501,1.96261557335472e-17,"WRI"
"411","Nigeria","Gas",8760,0.657219335537711,5.55111512312578e-17,"WRI"
"412","Nigeria","Hydro",8760,0.321196827685652,0,"WRI"
"413","Korea, Dem. Rep.","Coal",8760,0.0913157496638516,1.07496882123731e-17,"WRI"
"414","Korea, Dem. Rep.","Hydro",8760,0.390017940825278,3.92523114670944e-17,"WRI"
"415","Norway","Gas",8760,0.204207570989806,1.38777878078145e-17,"WRI"
"416","Norway","Hydro",8760,0.511836873891749,6.9913356206808e-17,"WRI"
"417","Norway","Wind",8760,0.406048212728219,3.20493781063927e-17,"WRI"
"418","Oman","Gas",8760,0.664757518501023,5.55111512312578e-17,"WRI"
"419","Pakistan","Coal",8760,0.00602363616062246,7.08197893495062e-19,"WRI"
"420","Pakistan","Gas",8760,1.05820677425189,1.28197512425571e-16,"WRI"
"421","Pakistan","Hydro",8760,0.449042659567026,4.23973420718967e-17,"WRI"
"422","Pakistan","Nuclear",8760,0.396080591895366,5.55111512312578e-17,"WRI"
"423","Pakistan","Oil",8760,0.982751336790217,1.02125664703556e-16,"WRI"
"424","Pakistan","Solar",8760,0,0,"WRI"
"425","Pakistan","Wind",8760,0.0895644954608623,0,"WRI"
"426","Panama","Coal",8760,0.653538812785388,NA,"WRI"
"427","Panama","Gas",8760,0,NA,"WRI"
"428","Panama","Hydro",8760,0.540650610825642,9.38309712959514e-17,"WRI"
"429","Panama","Oil",8760,1.4869765564094,1.28197512425571e-16,"WRI"
"430","Papua New Guinea","Gas",8760,NA,NA,"WRI"
"431","Papua New Guinea","Geothermal",8760,NA,NA,"WRI"
"432","Papua New Guinea","Hydro",8760,NA,NA,"WRI"
"433","Papua New Guinea","Oil",8760,NA,NA,"WRI"
"434","Paraguay","Hydro",8760,0.720324847271742,0,"WRI"
"435","Peru","Coal",8760,0.269821502698215,NA,"WRI"
"436","Peru","Gas",8760,0.559580888297231,6.79869977755259e-17,"WRI"
"437","Peru","Hydro",8760,0.926421152332867,8.14680973465867e-17,"WRI"
"438","Peru","Solar",8760,0.0941780821917808,0,"WRI"
"439","Peru","Wind",8760,0.379290027986449,0,"WRI"
"440","Philippines","Biomass",8760,0.636917710231838,1.11022302462516e-16,"WRI"
"441","Philippines","Coal",8760,0.432156456797141,3.55050516246864e-17,"WRI"
"442","Philippines","Gas",8760,0.625494471954153,7.85046229341888e-17,"WRI"
"443","Philippines","Geothermal",8760,0.636680190870643,9.61481343191782e-17,"WRI"
"444","Philippines","Hydro",8760,0.306676231125332,2.40370335797945e-17,"WRI"
"445","Philippines","Oil",8760,0.316909767771987,2.40370335797945e-17,"WRI"
"446","Philippines","Solar",8760,0.00274411661397963,2.60208521396521e-19,"WRI"
"447","Philippines","Wind",8760,0.334327517794142,0,"WRI"
"448","Poland","Biomass",8760,5.29733460762451,0,"WRI"
"449","Poland","Coal",8760,0.485068556572317,3.98091096532125e-17,"WRI"
"450","Poland","Gas",8760,0.337150320444674,3.44265545485524e-17,"WRI"
"451","Poland","Hydro",8760,0.150192712522139,2.33819502419361e-17,"WRI"
"452","Poland","Oil",8760,0.277806824915473,5.55111512312578e-17,"WRI"
"453","Poland","Solar",8760,0.0470051034112275,0,"WRI"
"454","Poland","Wind",8760,0.403061503110652,3.92523114670944e-17,"WRI"
"455","Portugal","Biomass",8760,0.707767598157385,6.92345696842537e-17,"WRI"
"456","Portugal","Coal",8760,0.689779353712758,1.11022302462516e-16,"WRI"
"457","Portugal","Gas",8760,0.203744316088109,1.60246890531964e-17,"WRI"
"458","Portugal","Geothermal",8760,0.812563419583968,0,"WRI"
"459","Portugal","Hydro",8760,0.6786994807858,7.81795506354411e-17,"WRI"
"460","Portugal","Solar",8760,0.246400292152936,1.38777878078145e-17,"WRI"
"461","Portugal","Waste",8760,0.423535036481177,4.17338059419743e-17,"WRI"
"462","Portugal","Wind",8760,0.27973329311789,2.75682467555561e-17,"WRI"
"463","Qatar","Gas",8760,0.418742413459324,4.73400688329152e-17,"WRI"
"464","Romania","Coal",8760,0.350073482405505,4.53246651836839e-17,"WRI"
"465","Romania","Gas",8760,0.27598870980046,3.63405789187686e-17,"WRI"
"466","Romania","Hydro",8760,0.660538187877891,5.23364152894592e-17,"WRI"
"467","Romania","Nuclear",8760,1.02686957806531,NA,"WRI"
"468","Romania","Wind",8760,1.83387749307971,1.57009245868378e-16,"WRI"
"469","Russian Federation","Biomass",8760,0.00629822075263738,6.1331736667335e-19,"WRI"
"470","Russian Federation","Coal",8760,NA,NA,"WRI"
"471","Russian Federation","Gas",8760,NA,NA,"WRI"
"472","Russian Federation","Geothermal",8760,0.701900530667654,7.85046229341888e-17,"WRI"
"473","Russian Federation","Hydro",8760,0.4435388604191,4.03687135027378e-17,"WRI"
"474","Russian Federation","Nuclear",8760,0.732546177598467,5.23364152894592e-17,"WRI"
"475","Russian Federation","Oil",8760,12.3327309273043,1.64458686628519e-15,"WRI"
"476","Russian Federation","Other",8760,0,0,"WRI"
"477","Russian Federation","Solar",8760,0.103659705917414,9.81307786677359e-18,"WRI"
"478","Russian Federation","Wind",8760,0.259075747271609,3.92523114670944e-17,"WRI"
"479","Rwanda","Gas",8760,NA,NA,"WRI"
"480","Rwanda","Hydro",8760,NA,NA,"WRI"
"481","Rwanda","Oil",8760,NA,NA,"WRI"
"482","Rwanda","Solar",8760,NA,NA,"WRI"
"483","Rwanda","Waste",8760,NA,NA,"WRI"
"484","Saudi Arabia","Gas",8760,0.527794977876735,6.08094194448812e-17,"WRI"
"485","Saudi Arabia","Oil",8760,0.349764235271622,4.00000417301534e-17,"WRI"
"486","Saudi Arabia","Solar",8760,0.00815394651011089,0,"WRI"
"487","Senegal","Hydro",8760,0.307267884322679,NA,"WRI"
"488","Senegal","Oil",8760,0.756327674633803,1.11022302462516e-16,"WRI"
"489","Serbia","Coal",8760,0.454447790374219,4.69154856479757e-17,"WRI"
"490","Serbia","Hydro",8760,0.554870942473396,6.40987562127855e-17,"WRI"
"491","Sierra Leone","Hydro",8760,NA,NA,"WRI"
"492","Sierra Leone","Oil",8760,NA,NA,"WRI"
"493","Singapore","Gas",8760,0.562195490389543,5.93439168722175e-17,"WRI"
"494","Singapore","Oil",8760,0.00997052193514826,1.2266347333467e-18,"WRI"
"495","Singapore","Waste",8760,0.910352002774406,7.85046229341888e-17,"WRI"
"496","Slovak Republic","Coal",8760,0.274037927633083,5.55111512312578e-17,"WRI"
"497","Slovak Republic","Gas",8760,0.25386998845903,3.92523114670944e-17,"WRI"
"498","Slovak Republic","Hydro",8760,0.219470683536968,2.63312510143253e-17,"WRI"
"499","Slovak Republic","Nuclear",8760,1.0052796803653,0,"WRI"
"500","Slovenia","Coal",8760,0.32483693341491,3.92523114670944e-17,"WRI"
"501","Slovenia","Gas",8760,0.143751056993066,NA,"WRI"
"502","Slovenia","Hydro",8760,1.72206712977991,2.71947991102104e-16,"WRI"
"503","Slovenia","Nuclear",8760,1.0447829738099,NA,"WRI"
"504","South Africa","Biomass",8760,2.54331184528606,4.44089209850063e-16,"WRI"
"505","South Africa","Coal",8760,0.665585298534026,7.85046229341888e-17,"WRI"
"506","South Africa","Gas",8760,0,0,"WRI"
"507","South Africa","Hydro",8760,0.230733143768137,3.04047097224406e-17,"WRI"
"508","South Africa","Nuclear",8760,0.874809741248097,NA,"WRI"
"509","South Africa","Oil",8760,0.0104379982901565,1.73472347597681e-18,"WRI"
"510","South Africa","Solar",8760,0.0619855531156861,7.44113471865233e-18,"WRI"
"511","South Africa","Waste",8760,0,0,"WRI"
"512","South Africa","Wind",8760,NA,NA,"WRI"
"513","Korea, Rep.","Biomass",8760,1.54426686960934,2.22044604925031e-16,"WRI"
"514","Korea, Rep.","Coal",8760,0.797601806032337,6.02102972531871e-17,"WRI"
"515","Korea, Rep.","Gas",8760,0.471984057041497,4.16333634234434e-17,"WRI"
"516","Korea, Rep.","Hydro",8760,0.147234905134856,1.69156189117071e-17,"WRI"
"517","Korea, Rep.","Nuclear",8760,0.773733765180135,8.59975056989852e-17,"WRI"
"518","Korea, Rep.","Oil",8760,0.426580149002644,5.55111512312578e-17,"WRI"
"519","Korea, Rep.","Solar",8760,3.08557058318129,2.56395024851142e-16,"WRI"
"520","Korea, Rep.","Waste",8760,1.14947995941147,0,"WRI"
"521","Korea, Rep.","Wave and Tidal",8760,NA,NA,"WRI"
"522","Korea, Rep.","Wind",8760,0.326157860404436,1.67372418467961e-17,"WRI"
"523","Spain","Biomass",8760,26.986301369863,NA,"WRI"
"524","Spain","Coal",8760,0.588691746102167,7.26811578375372e-17,"WRI"
"525","Spain","Gas",8760,0.206293492906901,2.01360109172713e-17,"WRI"
"526","Spain","Hydro",8760,0.313251710793783,3.87706697729572e-17,"WRI"
"527","Spain","Nuclear",8760,0.918765665832404,9.61481343191782e-17,"WRI"
"528","Spain","Oil",8760,0.345425315255749,4.00296604248672e-17,"WRI"
"529","Spain","Solar",8760,0.767825052702067,6.04328869115786e-17,"WRI"
"530","Spain","Waste",8760,0.403606210904178,4.69154856479757e-17,"WRI"
"531","Spain","Wind",8760,0.523715097987857,5.10151641642243e-17,"WRI"
"532","Sri Lanka","Coal",8760,0.406139015728057,NA,"WRI"
"533","Sri Lanka","Hydro",8760,0.360431922866302,3.5108334685767e-17,"WRI"
"534","Sri Lanka","Oil",8760,0.414369351446598,5.55111512312578e-17,"WRI"
"535","Sri Lanka","Solar",8760,0.114155251141553,NA,"WRI"
"536","Sri Lanka","Wind",8760,0.24069944426746,2.03670243366467e-17,"WRI"
"537","Sudan","Biomass",8760,0,0,"WRI"
"538","Sudan","Gas",8760,0,NA,"WRI"
"539","Sudan","Hydro",8760,0.660687757498106,8.59975056989852e-17,"WRI"
"540","Sudan","Oil",8760,0.345793117158583,4.13755692207879e-17,"WRI"
"541","Swaziland","Biomass",8760,NA,NA,"WRI"
"542","Swaziland","Hydro",8760,NA,NA,"WRI"
"543","Sweden","Biomass",8760,1.1810061912329,8.39249720850315e-17,"WRI"
"544","Sweden","Coal",8760,1.41837899543379,NA,"WRI"
"545","Sweden","Gas",8760,0.0351836706876576,0,"WRI"
"546","Sweden","Hydro",8760,0.568617411109284,5.6872397350217e-17,"WRI"
"547","Sweden","Nuclear",8760,0.758661158400994,0,"WRI"
"548","Sweden","Oil",8760,0.0407697325505545,NA,"WRI"
"549","Sweden","Wind",8760,1.83965010948817,1.48029736616688e-16,"WRI"
"550","Switzerland","Hydro",8760,0.468780655947659,4.28650083486773e-17,"WRI"
"551","Switzerland","Nuclear",8760,0.917135934608677,1.11022302462516e-16,"WRI"
"552","Syrian Arab Republic","Gas",8760,0.547819846246901,7.26811578375372e-17,"WRI"
"553","Syrian Arab Republic","Hydro",8760,0.227551995631002,1.96261557335472e-17,"WRI"
"554","Syrian Arab Republic","Oil",8760,0.152614660533759,1.60246890531964e-17,"WRI"
"555","Taiwan","Coal",8760,1.00893451881028,9.06493303673679e-17,"WRI"
"556","Taiwan","Gas",8760,0.689283351855568,5.55111512312578e-17,"WRI"
"557","Taiwan","Hydro",8760,0.221984293096852,1.69967494438815e-17,"WRI"
"558","Taiwan","Nuclear",8760,0.928064238711022,7.85046229341888e-17,"WRI"
"559","Taiwan","Oil",8760,0.488869863013699,NA,"WRI"
"560","Taiwan","Wind",8760,0.877847209639745,7.85046229341888e-17,"WRI"
"561","Tajikistan","Hydro",8760,0.389741383207759,4.19624860425158e-17,"WRI"
"562","Tajikistan","Oil",8760,0,0,"WRI"
"563","Tanzania","Gas",8760,0.898865635675313,6.40987562127855e-17,"WRI"
"564","Tanzania","Hydro",8760,0.527026917034975,4.96506830649455e-17,"WRI"
"565","Tanzania","Oil",8760,1.09931506849315,NA,"WRI"
"566","Thailand","Biomass",8760,10.594792665203,8.88178419700125e-16,"WRI"
"567","Thailand","Coal",8760,0.815558970085247,1.11022302462516e-16,"WRI"
"568","Thailand","Gas",8760,0.467358906569373,4.04603565571184e-17,"WRI"
"569","Thailand","Hydro",8760,0.166953561595618,1.60246890531964e-17,"WRI"
"570","Thailand","Solar",8760,0.152243642591286,1.23013441159492e-17,"WRI"
"571","Thailand","Wind",8760,0.165796912372255,2.77555756156289e-17,"WRI"
"572","Togo","Gas",8760,0,NA,"WRI"
"573","Togo","Hydro",8760,0.208820581356499,NA,"WRI"
"574","Togo","Oil",8760,0.0191736248879245,NA,"WRI"
"575","Trinidad and Tobago","Gas",8760,0.601179474281436,9.06493303673679e-17,"WRI"
"576","Trinidad and Tobago","Oil",8760,0.0101096901379973,1.73472347597681e-18,"WRI"
"577","Tunisia","Gas",8760,0.421264847705235,4.71754072250306e-17,"WRI"
"578","Tunisia","Hydro",8760,0.117946384943301,0,"WRI"
"579","Tunisia","Wind",8760,0.407582481188501,5.55111512312578e-17,"WRI"
"580","Turkey","Coal",8760,0.491659903868991,4.91080363556819e-17,"WRI"
"581","Turkey","Gas",8760,0.786940915993587,9.28879225241625e-17,"WRI"
"582","Turkey","Geothermal",8760,0.562214611872146,3.5108334685767e-17,"WRI"
"583","Turkey","Hydro",8760,0.335272793023224,4.2732504141857e-17,"WRI"
"584","Turkey","Oil",8760,0.290739578625411,3.92523114670944e-17,"WRI"
"585","Turkey","Solar",8760,0.0539066463723998,6.93889390390723e-18,"WRI"
"586","Turkey","Wind",8760,2.4906600249066,2.3737566748887e-16,"WRI"
"587","Turkmenistan","Gas",8760,1.9752053632635,1.92296268638356e-16,"WRI"
"588","Turkmenistan","Oil",8760,0,0,"WRI"
"589","Uganda","Biomass",8760,NA,NA,"WRI"
"590","Uganda","Hydro",8760,NA,NA,"WRI"
"591","Uganda","Oil",8760,NA,NA,"WRI"
"592","Ukraine","Coal",8760,0.303076817239808,2.14993764247463e-17,"WRI"
"593","Ukraine","Gas",8760,0.834120610927413,1.11022302462516e-16,"WRI"
"594","Ukraine","Hydro",8760,0.185669162181356,2.06877846103939e-17,"WRI"
"595","Ukraine","Nuclear",8760,0.729314672435901,6.40987562127855e-17,"WRI"
"596","United Arab Emirates","Gas",8760,0.418902192483864,3.83895179427787e-17,"WRI"
"597","United Arab Emirates","Solar",8760,0.286339421613394,0,"WRI"
"598","United Kingdom","Biomass",8760,1.98314820938431,1.97011763517643e-16,"WRI"
"599","United Kingdom","Coal",8760,0.947091232104289,7.26811578375372e-17,"WRI"
"600","United Kingdom","Cogeneration",8760,0,0,"WRI"
"601","United Kingdom","Gas",8760,0.38413871810418,3.29276058642491e-17,"WRI"
"602","United Kingdom","Hydro",8760,0.242827828882309,2.2765110137677e-17,"WRI"
"603","United Kingdom","Nuclear",8760,0.816009077121741,7.26811578375372e-17,"WRI"
"604","United Kingdom","Oil",8760,0.511920701950571,3.5108334685767e-17,"WRI"
"605","United Kingdom","Solar",8760,0.0570698895711032,6.54617312517663e-18,"WRI"
"606","United Kingdom","Waste",8760,0.264721130253023,2.17221738409136e-17,"WRI"
"607","United Kingdom","Wave and Tidal",8760,NA,NA,"WRI"
"608","United Kingdom","Wind",8760,0.20714054452897,2.23559114991245e-17,"WRI"
"609","United States","Biomass",8760,NA,NA,"WRI"
"610","United States","Coal",8760,NA,NA,"WRI"
"611","United States","Cogeneration",8760,NA,NA,"WRI"
"612","United States","Gas",8760,NA,NA,"WRI"
"613","United States","Geothermal",8760,NA,NA,"WRI"
"614","United States","Hydro",8760,NA,NA,"WRI"
"615","United States","Nuclear",8760,NA,NA,"WRI"
"616","United States","Oil",8760,NA,NA,"WRI"
"617","United States","Other",8760,NA,NA,"WRI"
"618","United States","Petcoke",8760,NA,NA,"WRI"
"619","United States","Solar",8760,NA,NA,"WRI"
"620","United States","Storage",8760,NA,NA,"WRI"
"621","United States","Waste",8760,NA,NA,"WRI"
"622","United States","Wind",8760,NA,NA,"WRI"
"623","Uruguay","Biomass",8760,0.400248724017026,2.61682076447296e-17,"WRI"
"624","Uruguay","Gas",8760,0.00128882189306284,1.53329341668337e-19,"WRI"
"625","Uruguay","Hydro",8760,0.71617946571186,6.40987562127855e-17,"WRI"
"626","Uruguay","Oil",8760,0.348911290236663,3.20493781063927e-17,"WRI"
"627","Uruguay","Solar",8760,0,0,"WRI"
"628","Uruguay","Wind",8760,0.0605490785388458,5.5144736987799e-18,"WRI"
"629","Uzbekistan","Coal",8760,0.10243193232884,0,"WRI"
"630","Uzbekistan","Gas",8760,0.547034944442138,4.96506830649455e-17,"WRI"
"631","Uzbekistan","Hydro",8760,1.18461107105664,9.93013661298909e-17,"WRI"
"632","Uzbekistan","Oil",8760,0.0764840182648402,NA,"WRI"
"633","Venezuela, RB","Gas",8760,0.192380923238031,2.10605674743993e-17,"WRI"
"634","Venezuela, RB","Hydro",8760,0.563435580665489,5.55111512312578e-17,"WRI"
"635","Vietnam","Biomass",8760,0.306143628061436,0,"WRI"
"636","Vietnam","Coal",8760,0.279330827979149,2.00482718902444e-17,"WRI"
"637","Vietnam","Gas",8760,0.696842974094109,3.92523114670944e-17,"WRI"
"638","Vietnam","Hydro",8760,0.398989200824058,3.79839120791389e-17,"WRI"
"639","Vietnam","Oil",8760,0.0560171669536143,6.20633538311818e-18,"WRI"
"640","Vietnam","Wind",8760,0.0528271640921014,6.00925839494864e-18,"WRI"
"641","Western Sahara","Oil",8760,NA,NA,"WRI"
"642","Yemen, Rep.","Gas",8760,0.841324200913242,NA,"WRI"
"643","Yemen, Rep.","Oil",8760,0.83147499203568,8.59975056989852e-17,"WRI"
"644","Zambia","Biomass",8760,0,NA,"WRI"
"645","Zambia","Coal",8760,0,NA,"WRI"
"646","Zambia","Hydro",8760,0.742114831726704,7.85046229341888e-17,"WRI"
"647","Zambia","Oil",8760,0.275964934953046,2.2662332591842e-17,"WRI"
"648","Zimbabwe","Coal",8760,0.54558765137979,NA,"WRI"
"649","Zimbabwe","Hydro",8760,0.826636225266362,NA,"WRI"
